grade,num_loans,avg_loan_amount,avg_interest_rate
A,192,20872.510416666668,15.271354166666663
B,256,19548.6875,14.823828124999997
C,193,19479.352331606216,14.776683937823828
D,158,20699.974683544304,14.576582278481009
E,104,21590.89423076923,16.313461538461535
F,69,22255.44927536232,15.826086956521737
G,28,18139.321428571428,14.789285714285713
